original_supplier,parent_supplier
164 STARBUCKS,STARBUCKS
2535 STARBUCKS,STARBUCKS
3341 T3 STARBUCKS,STARBUCKS
4141 T1 STARBUCKS MP,STARBUCKS
4171 T1 STARBUCKS YV,STARBUCKS
4191 T1 STARBUCKS MOL,STARBUCKS
6/10/15 STARBUCKS,STARBUCKS
AB2 STARBUCKS,STARBUCKS
ARAMARK STARBUCKS,STARBUCKS
ARAMARK STARBUCKS AT LAS,STARBUCKS
ARIA STARBUCKS,STARBUCKS
AS2 STARBUCKS,STARBUCKS
B STARBUCKS PB,STARBUCKS
BC STARBUCKS M,STARBUCKS
C STARBUCKS PB,STARBUCKS
C1 STARBUCKS M,STARBUCKS
C6 STARBUCKS B,STARBUCKS
CLV STARBUCKS,STARBUCKS
CRYSTALS STARBUCKS,STARBUCKS
D/E STARBUCKS,STARBUCKS
E STARBUCKS,STARBUCKS
EPRE STARBUCKS,STARBUCKS
DOUBLETREE BY HILTON SD C,HILTON
HILTON ALBANY FOOD & BEVG,HILTON
HILTON ALEXANDRIA FB,HILTON
HILTON BELLEVUE,HILTON
HILTON CABLE,HILTON
HILTON CAFE NY,HILTON
HILTON COFFEE BN TEA,HILTON
HILTON COLUMBUS HOTEL F&B,HILTON
HILTON DAVIDS CLUB BAR,HILTON
HILTON DIPLOMAT RESORT,HILTON
HILTON EL SAN JUAN,HILTON
HILTON FOOD BEVERAGE,HILTON
HILTON FT. COLLINS,HILTON
HILTON GARDEN INN,HILTON
HILTON GARDEN INN ANCHORA,HILTON
HILTON GARDEN INN BURLNTN,HILTON
HILTON GARDEN INN BVTN,HILTON
HILTON GARDEN INN CHERRY,HILTON
HILTON GARDEN INN F&B,HILTON
HILTON GARDEN INN HARRISB,HILTON
HILTON GARDEN INN MKD,HILTON
HILTON GARDEN INN N ALPHA,HILTON
HILTON GARDEN INN OHARE F,HILTON
HILTON GARDEN INN RENO,HILTON
HILTON GARDEN INN RESTAU,HILTON
HILTON GARDEN INN RESTAUR,HILTON
HILTON GARDEN INN RIDGEFI,HILTON
HILTON GARDEN INN ROCKAWY,HILTON
HILTON GARDEN INN TYSO,HILTON
HILTON GARDEN INN-GALLER,HILTON
HILTON GARDEN INN-REDO,HILTON
HILTON GARDN INN CLOV F&B,HILTON
HILTON GLENDALE,HILTON
HILTON HASBROUCK RESTAURA,HILTON
HILTON HOTELS,HILTON
HILTON HOTELS F&B,HILTON
HILTON HOTELS ST PETE,HILTON
HILTON JFK F&B,HILTON
HILTON MARKETPLACE,HILTON
HILTON MARQUETTE HOTEL,HILTON
HILTON NY FASHION DIST,HILTON
HILTON PROVIDENCE FB,HILTON
HILTON SECOND LINE,HILTON
HILTON SKYWATER LOUNGE,HILTON
HILTON SNAX,HILTON
HILTON SPRINGFIELD,HILTON
HILTON SPRINGFIELD GARAGE,HILTON
HILTON STARBUCKS,HILTON
HILTON STARBUCKS COFFE,HILTON
HILTON TOKYO,HILTON
HILTON TROPICS BAR,HILTON
HILTON TWO HENRYS,HILTON
HILTON WAIKIKI F-B,HILTON
HILTONGARDENINN,HILTON
HOMEWOOD SUITES BY HILTON,HILTON
RANCHO CUCAMONGA HILTON G,HILTON
FED PARK PENTCTR MALL,FEDEX
FEDEX,FEDEX
FEDEX OFFICE,FEDEX
FEDEX OFFICE CANADA,FEDEX
FEDEXOFFICE,FEDEX
FEDEX-YVR,FEDEX
DIRECTIONS ON MICROSOFT,Microsoft
MICROSOFT - 4 LOAN TREE,Microsoft
MICROSOFT - 55 PARAMUS,Microsoft
MICROSOFT - 6 BELLEVUE,Microsoft
MICROSOFT - 8 OAK BROOK,Microsoft
MICROSOFT - 8012 CHICAGO,Microsoft
MICROSOFT *ANSWER DESK,Microsoft
MICROSOFT *OFFICE,Microsoft
MICROSOFT-PACIFIC PLACE,Microsoft
MICROSOFT - 12 HOUSTON,Microsoft
MICROSOFT *STORE,Microsoft
MSFT *MICROSOFTSTORE,Microsoft
MICROSOFT - 10 TYSON'S C,Microsoft
MICROSOFT - 13 SEATTLE,Microsoft
MICROSOFT - 15 SANTA CLA,Microsoft
MICROSOFT - 4 LONE TREE,Microsoft
MICROSOFT - 8042 PROVIDE,Microsoft
MICROSOFT - 38 CLEVELAND,Microsoft
MICROSOFT - 44 GARDEN CI,Microsoft
MICROSOFT - 36 SCHAUMBUR,Microsoft
MICROSOFT - 39 MIAMI,Microsoft
Microsoft Corporation,Microsoft
"Apple, Inc.","Apple,Inc"
"Oracle,Inc","Oracle,Inc"